{"cameraMode":{"drawMode":0,"name":"Shaded","section":"Shading Mode"},"sceneLighting":true,"audioPlay":false,"sceneViewState":{"showFog":true,"showMaterialUpdate":false,"showSkybox":true,"showFlares":true,"showImageEffects":true,"showParticleSystems":true},"in2DMode":false,"pivot":{"x":2.764530897140503,"y":3.201498031616211,"z":-16.364700317382814},"rotation":{"x":-0.036432381719350818,"y":0.9561215043067932,"z":-0.2572275698184967,"w":-0.13542015850543977},"size":0.007395029067993164,"orthographic":false}