{"cameraMode":{"drawMode":0,"name":"Shaded","section":"Shading Mode"},"sceneLighting":true,"audioPlay":false,"sceneViewState":{"showFog":true,"showMaterialUpdate":false,"showSkybox":true,"showFlares":true,"showImageEffects":true,"showParticleSystems":true},"in2DMode":false,"pivot":{"x":90.13668823242188,"y":-41.46375274658203,"z":-142.46072387695313},"rotation":{"x":-0.10042010247707367,"y":0.8351628184318543,"z":-0.16261957585811616,"w":-0.5157260298728943},"size":219.7895050048828,"orthographic":false}