{"cameraMode":{"drawMode":0,"name":"Shaded","section":"Shading Mode"},"sceneLighting":true,"audioPlay":false,"sceneViewState":{"showFog":true,"showMaterialUpdate":false,"showSkybox":true,"showFlares":true,"showImageEffects":true,"showParticleSystems":true},"in2DMode":false,"pivot":{"x":-26.965267181396486,"y":4.805411338806152,"z":-20.268354415893556},"rotation":{"x":-0.030728837475180627,"y":0.8892055153846741,"z":-0.060389094054698947,"w":-0.4524681270122528},"size":39.32008743286133,"orthographic":false}